sep=;
Domain;My position;Strategy Parameters;Run time (s);Round;Exception;deadline;Agreement;Discounted;#agreeing;min.util.;max.util.;Dist. to Pareto;Dist. to Nash;Social Welfare;Agent 1;Agent 2;Utility 1;Utility 2;Disc. Util. 1;Disc. Util. 2;Perceived. Util. 1;Perceived. Util. 2;Profile 1;Profile 2
;;;0.090;35;;40rounds;Yes;No;2;0.52238;0.68763;0.01052;0.14726;1.21000;TimeDependentAgentBoulware@0;RandomBOAagent@1;0.6876272352118017;0.5223767430060494;0.6876272352118017;0.5223767430060494;0.0;0.0;JaspAronMediumDiscreteDomain_util3.xml;JaspAronMediumDiscreteDomain_util4.xml
;;;0.107;33;;40rounds;Yes;No;2;0.39402;0.80234;0.01304;0.26025;1.19636;RandomBOAagent@2;TimeDependentAgentBoulware@3;0.3940186561478525;0.802343971608792;0.3940186561478525;0.802343971608792;0.0;0.0;JaspAronMediumDiscreteDomain_util3.xml;JaspAronMediumDiscreteDomain_util4.xml
;;;0.085;38;;40rounds;Yes;No;2;0.54661;0.66629;0.01192;0.05649;1.21290;TimeDependentAgentBoulware@4;RandomBOAagent@5;0.5466067429176926;0.6662934225186676;0.5466067429176926;0.6662934225186676;0.0;0.0;JaspAronMediumDiscreteDomain_util3.xml;JaspAronMediumDiscreteDomain_util4.xml
;;;0.134;35;;40rounds;Yes;No;2;0.48879;0.72998;0.00000;0.14117;1.21877;RandomBOAagent@6;TimeDependentAgentBoulware@7;0.4887919935862197;0.72997725285402;0.4887919935862197;0.72997725285402;0.0;0.0;JaspAronMediumDiscreteDomain_util3.xml;JaspAronMediumDiscreteDomain_util4.xml
;;;0.122;33;;40rounds;Yes;No;2;0.39059;0.82089;0.00849;0.33421;1.21148;TimeDependentAgentBoulware@8;RandomBOAagent@9;0.8208919013076043;0.39059008478994106;0.8208919013076043;0.39059008478994106;0.0;0.0;JaspAronMediumDiscreteDomain_util3.xml;JaspAronMediumDiscreteDomain_util4.xml
;;;0.088;35;;40rounds;Yes;No;2;0.48879;0.72998;0.00000;0.14117;1.21877;RandomBOAagent@10;TimeDependentAgentBoulware@11;0.4887919935862197;0.72997725285402;0.4887919935862197;0.72997725285402;0.0;0.0;JaspAronMediumDiscreteDomain_util3.xml;JaspAronMediumDiscreteDomain_util4.xml
;;;0.084;30;;40rounds;Yes;No;2;0.35825;0.86450;0.00000;0.38767;1.22275;TimeDependentAgentBoulware@12;RandomBOAagent@13;0.8644993432686384;0.3582479536569403;0.8644993432686384;0.3582479536569403;0.0;0.0;JaspAronMediumDiscreteDomain_util3.xml;JaspAronMediumDiscreteDomain_util4.xml
;;;0.091;37;;40rounds;Yes;No;2;0.57875;0.63721;0.00804;0.01590;1.21595;RandomBOAagent@14;TimeDependentAgentBoulware@15;0.5787465489664683;0.6372062762166727;0.5787465489664683;0.6372062762166727;0.0;0.0;JaspAronMediumDiscreteDomain_util3.xml;JaspAronMediumDiscreteDomain_util4.xml
;;;0.068;33;;40rounds;Yes;No;2;0.42890;0.78941;0.00499;0.28471;1.21832;TimeDependentAgentBoulware@16;RandomBOAagent@17;0.7894131728106252;0.42890315987042044;0.7894131728106252;0.42890315987042044;0.0;0.0;JaspAronMediumDiscreteDomain_util3.xml;JaspAronMediumDiscreteDomain_util4.xml
;;;0.106;35;;40rounds;Yes;No;2;0.49750;0.69974;0.01687;0.11587;1.19724;RandomBOAagent@18;TimeDependentAgentBoulware@19;0.4975043798659629;0.6997390274178177;0.4975043798659629;0.6997390274178177;0.0;0.0;JaspAronMediumDiscreteDomain_util3.xml;JaspAronMediumDiscreteDomain_util4.xml
;;;0.124;34;;40rounds;Yes;No;2;0.45130;0.75062;0.01358;0.24218;1.20192;TimeDependentAgentBoulware@20;RandomBOAagent@21;0.7506223163273207;0.45130080954665847;0.7506223163273207;0.45130080954665847;0.0;0.0;JaspAronMediumDiscreteDomain_util3.xml;JaspAronMediumDiscreteDomain_util4.xml
;;;0.105;34;;40rounds;Yes;No;2;0.43009;0.76821;0.01558;0.21073;1.19829;RandomBOAagent@22;TimeDependentAgentBoulware@23;0.43008780650127826;0.7682053686938933;0.43008780650127826;0.7682053686938933;0.0;0.0;JaspAronMediumDiscreteDomain_util3.xml;JaspAronMediumDiscreteDomain_util4.xml
;;;0.081;34;;40rounds;Yes;No;2;0.46071;0.72973;0.02205;0.22175;1.19044;TimeDependentAgentBoulware@24;RandomBOAagent@25;0.7297304150197165;0.4607107247567175;0.7297304150197165;0.4607107247567175;0.0;0.0;JaspAronMediumDiscreteDomain_util3.xml;JaspAronMediumDiscreteDomain_util4.xml
;;;0.041;31;;40rounds;Yes;No;2;0.34375;0.85854;0.01036;0.33499;1.20229;RandomBOAagent@26;TimeDependentAgentBoulware@27;0.34375373130209363;0.8585378059993094;0.34375373130209363;0.8585378059993094;0.0;0.0;JaspAronMediumDiscreteDomain_util3.xml;JaspAronMediumDiscreteDomain_util4.xml
;;;0.093;35;;40rounds;Yes;No;2;0.50948;0.68634;0.02216;0.15672;1.19582;TimeDependentAgentBoulware@28;RandomBOAagent@29;0.6863427042297693;0.5094751021506484;0.6863427042297693;0.5094751021506484;0.0;0.0;JaspAronMediumDiscreteDomain_util3.xml;JaspAronMediumDiscreteDomain_util4.xml
;;;0.166;34;;40rounds;Yes;No;2;0.46339;0.74672;0.01003;0.17135;1.21011;RandomBOAagent@30;TimeDependentAgentBoulware@31;0.46339237092447194;0.7467187322398691;0.46339237092447194;0.7467187322398691;0.0;0.0;JaspAronMediumDiscreteDomain_util3.xml;JaspAronMediumDiscreteDomain_util4.xml
;;;0.077;31;;40rounds;Yes;No;2;0.36097;0.83223;0.01833;0.36387;1.19320;TimeDependentAgentBoulware@32;RandomBOAagent@33;0.8322260351537536;0.3609716973388997;0.8322260351537536;0.3609716973388997;0.0;0.0;JaspAronMediumDiscreteDomain_util3.xml;JaspAronMediumDiscreteDomain_util4.xml
;;;0.099;34;;40rounds;Yes;No;2;0.43009;0.76821;0.01558;0.21073;1.19829;RandomBOAagent@34;TimeDependentAgentBoulware@35;0.43008780650127826;0.7682053686938933;0.43008780650127826;0.7682053686938933;0.0;0.0;JaspAronMediumDiscreteDomain_util3.xml;JaspAronMediumDiscreteDomain_util4.xml
;;;0.083;38;;40rounds;Yes;No;2;0.52121;0.68303;0.01277;0.08690;1.20424;TimeDependentAgentBoulware@36;RandomBOAagent@37;0.521207120255945;0.6830349019045167;0.521207120255945;0.6830349019045167;0.0;0.0;JaspAronMediumDiscreteDomain_util3.xml;JaspAronMediumDiscreteDomain_util4.xml
;;;0.066;37;;40rounds;Yes;No;2;0.57875;0.63721;0.00804;0.01590;1.21595;RandomBOAagent@38;TimeDependentAgentBoulware@39;0.5787465489664683;0.6372062762166727;0.5787465489664683;0.6372062762166727;0.0;0.0;JaspAronMediumDiscreteDomain_util3.xml;JaspAronMediumDiscreteDomain_util4.xml
;;;0.083;33;;40rounds;Yes;No;2;0.43694;0.76834;0.01036;0.26462;1.20528;TimeDependentAgentBoulware@40;RandomBOAagent@41;0.7683437128651551;0.4369406556421495;0.7683437128651551;0.4369406556421495;0.0;0.0;JaspAronMediumDiscreteDomain_util3.xml;JaspAronMediumDiscreteDomain_util4.xml
;;;0.085;33;;40rounds;Yes;No;2;0.39402;0.80234;0.01304;0.26025;1.19636;RandomBOAagent@42;TimeDependentAgentBoulware@43;0.3940186561478525;0.802343971608792;0.3940186561478525;0.802343971608792;0.0;0.0;JaspAronMediumDiscreteDomain_util3.xml;JaspAronMediumDiscreteDomain_util4.xml
;;;0.068;36;;40rounds;Yes;No;2;0.53723;0.65233;0.02300;0.11487;1.18956;TimeDependentAgentBoulware@44;RandomBOAagent@45;0.652328457271362;0.5372271828868613;0.652328457271362;0.5372271828868613;0.0;0.0;JaspAronMediumDiscreteDomain_util3.xml;JaspAronMediumDiscreteDomain_util4.xml
;;;0.063;36;;40rounds;Yes;No;2;0.50974;0.68629;0.01588;0.09839;1.19603;RandomBOAagent@46;TimeDependentAgentBoulware@47;0.5097394843436864;0.6862898867355226;0.5097394843436864;0.6862898867355226;0.0;0.0;JaspAronMediumDiscreteDomain_util3.xml;JaspAronMediumDiscreteDomain_util4.xml
;;;0.105;36;;40rounds;Yes;No;2;0.53550;0.66093;0.01679;0.12086;1.19643;TimeDependentAgentBoulware@48;RandomBOAagent@49;0.6609315486899157;0.5355030492632303;0.6609315486899157;0.5355030492632303;0.0;0.0;JaspAronMediumDiscreteDomain_util3.xml;JaspAronMediumDiscreteDomain_util4.xml
;;;0.078;37;;40rounds;Yes;No;2;0.57875;0.63721;0.00804;0.01590;1.21595;RandomBOAagent@50;TimeDependentAgentBoulware@51;0.5787465489664683;0.6372062762166727;0.5787465489664683;0.6372062762166727;0.0;0.0;JaspAronMediumDiscreteDomain_util3.xml;JaspAronMediumDiscreteDomain_util4.xml
;;;0.061;32;;40rounds;Yes;No;2;0.38996;0.80246;0.01639;0.32249;1.19242;TimeDependentAgentBoulware@52;RandomBOAagent@53;0.8024557218066461;0.38996095082009824;0.8024557218066461;0.38996095082009824;0.0;0.0;JaspAronMediumDiscreteDomain_util3.xml;JaspAronMediumDiscreteDomain_util4.xml
;;;0.077;38;;40rounds;Yes;No;2;0.58247;0.61001;0.02216;0.05623;1.19248;RandomBOAagent@54;TimeDependentAgentBoulware@55;0.6100055462923603;0.5824709548752632;0.6100055462923603;0.5824709548752632;0.0;0.0;JaspAronMediumDiscreteDomain_util3.xml;JaspAronMediumDiscreteDomain_util4.xml
;;;0.097;34;;40rounds;Yes;No;2;0.46071;0.72973;0.02205;0.22175;1.19044;TimeDependentAgentBoulware@56;RandomBOAagent@57;0.7297304150197165;0.4607107247567175;0.7297304150197165;0.4607107247567175;0.0;0.0;JaspAronMediumDiscreteDomain_util3.xml;JaspAronMediumDiscreteDomain_util4.xml
;;;0.051;33;;40rounds;Yes;No;2;0.39402;0.80234;0.01304;0.26025;1.19636;RandomBOAagent@58;TimeDependentAgentBoulware@59;0.3940186561478525;0.802343971608792;0.3940186561478525;0.802343971608792;0.0;0.0;JaspAronMediumDiscreteDomain_util3.xml;JaspAronMediumDiscreteDomain_util4.xml
;;;0.061;35;;40rounds;Yes;No;2;0.50948;0.68634;0.02216;0.15672;1.19582;TimeDependentAgentBoulware@60;RandomBOAagent@61;0.6863427042297693;0.5094751021506484;0.6863427042297693;0.5094751021506484;0.0;0.0;JaspAronMediumDiscreteDomain_util3.xml;JaspAronMediumDiscreteDomain_util4.xml
;;;0.078;31;;40rounds;Yes;No;2;0.34375;0.85854;0.01036;0.33499;1.20229;RandomBOAagent@62;TimeDependentAgentBoulware@63;0.34375373130209363;0.8585378059993094;0.34375373130209363;0.8585378059993094;0.0;0.0;JaspAronMediumDiscreteDomain_util3.xml;JaspAronMediumDiscreteDomain_util4.xml
;;;0.087;33;;40rounds;Yes;No;2;0.43694;0.76834;0.01036;0.26462;1.20528;TimeDependentAgentBoulware@64;RandomBOAagent@65;0.7683437128651551;0.4369406556421495;0.7683437128651551;0.4369406556421495;0.0;0.0;JaspAronMediumDiscreteDomain_util3.xml;JaspAronMediumDiscreteDomain_util4.xml
;;;0.070;38;;40rounds;Yes;No;2;0.58247;0.61001;0.02216;0.05623;1.19248;RandomBOAagent@66;TimeDependentAgentBoulware@67;0.6100055462923603;0.5824709548752632;0.6100055462923603;0.5824709548752632;0.0;0.0;JaspAronMediumDiscreteDomain_util3.xml;JaspAronMediumDiscreteDomain_util4.xml
;;;0.071;35;;40rounds;Yes;No;2;0.50948;0.68634;0.02216;0.15672;1.19582;TimeDependentAgentBoulware@68;RandomBOAagent@69;0.6863427042297693;0.5094751021506484;0.6863427042297693;0.5094751021506484;0.0;0.0;JaspAronMediumDiscreteDomain_util3.xml;JaspAronMediumDiscreteDomain_util4.xml
;;;0.076;27;;40rounds;Yes;No;2;0.27625;0.93695;0.00000;0.43772;1.21320;RandomBOAagent@70;TimeDependentAgentBoulware@71;0.27625092883243124;0.9369453036344905;0.27625092883243124;0.9369453036344905;0.0;0.0;JaspAronMediumDiscreteDomain_util3.xml;JaspAronMediumDiscreteDomain_util4.xml
;;;0.105;26;;40rounds;Yes;No;2;0.26847;0.93258;0.01052;0.49970;1.20105;TimeDependentAgentBoulware@72;RandomBOAagent@73;0.9325834266353155;0.2684663412760756;0.9325834266353155;0.2684663412760756;0.0;0.0;JaspAronMediumDiscreteDomain_util3.xml;JaspAronMediumDiscreteDomain_util4.xml
;;;0.066;37;;40rounds;Yes;No;2;0.57875;0.63721;0.00804;0.01590;1.21595;RandomBOAagent@74;TimeDependentAgentBoulware@75;0.5787465489664683;0.6372062762166727;0.5787465489664683;0.6372062762166727;0.0;0.0;JaspAronMediumDiscreteDomain_util3.xml;JaspAronMediumDiscreteDomain_util4.xml
;;;0.071;36;;40rounds;Yes;No;2;0.57857;0.63736;0.00465;0.07203;1.21593;TimeDependentAgentBoulware@76;RandomBOAagent@77;0.6373623103660429;0.5785705773965668;0.6373623103660429;0.5785705773965668;0.0;0.0;JaspAronMediumDiscreteDomain_util3.xml;JaspAronMediumDiscreteDomain_util4.xml
;;;0.107;35;;40rounds;Yes;No;2;0.48879;0.72998;0.00000;0.14117;1.21877;RandomBOAagent@78;TimeDependentAgentBoulware@79;0.4887919935862197;0.72997725285402;0.4887919935862197;0.72997725285402;0.0;0.0;JaspAronMediumDiscreteDomain_util3.xml;JaspAronMediumDiscreteDomain_util4.xml
;;;0.060;32;;40rounds;Yes;No;2;0.38229;0.83156;0.00511;0.34755;1.21385;TimeDependentAgentBoulware@80;RandomBOAagent@81;0.8315585251517612;0.38228696844368876;0.8315585251517612;0.38228696844368876;0.0;0.0;JaspAronMediumDiscreteDomain_util3.xml;JaspAronMediumDiscreteDomain_util4.xml
;;;0.092;37;;40rounds;Yes;No;2;0.57875;0.63721;0.00804;0.01590;1.21595;RandomBOAagent@82;TimeDependentAgentBoulware@83;0.5787465489664683;0.6372062762166727;0.5787465489664683;0.6372062762166727;0.0;0.0;JaspAronMediumDiscreteDomain_util3.xml;JaspAronMediumDiscreteDomain_util4.xml
;;;0.055;32;;40rounds;Yes;No;2;0.38996;0.80246;0.01639;0.32249;1.19242;TimeDependentAgentBoulware@84;RandomBOAagent@85;0.8024557218066461;0.38996095082009824;0.8024557218066461;0.38996095082009824;0.0;0.0;JaspAronMediumDiscreteDomain_util3.xml;JaspAronMediumDiscreteDomain_util4.xml
;;;0.058;37;;40rounds;Yes;No;2;0.58648;0.60055;0.02541;0.03693;1.18703;RandomBOAagent@86;TimeDependentAgentBoulware@87;0.5864803645402441;0.6005474998268941;0.5864803645402441;0.6005474998268941;0.0;0.0;JaspAronMediumDiscreteDomain_util3.xml;JaspAronMediumDiscreteDomain_util4.xml
;;;0.059;35;;40rounds;Yes;No;2;0.50948;0.68634;0.02216;0.15672;1.19582;TimeDependentAgentBoulware@88;RandomBOAagent@89;0.6863427042297693;0.5094751021506484;0.6863427042297693;0.5094751021506484;0.0;0.0;JaspAronMediumDiscreteDomain_util3.xml;JaspAronMediumDiscreteDomain_util4.xml
;;;0.095;32;;40rounds;Yes;No;2;0.37464;0.83179;0.00943;0.29413;1.20643;RandomBOAagent@90;TimeDependentAgentBoulware@91;0.3746425498714735;0.8317913062084493;0.3746425498714735;0.8317913062084493;0.0;0.0;JaspAronMediumDiscreteDomain_util3.xml;JaspAronMediumDiscreteDomain_util4.xml
;;;0.052;28;;40rounds;Yes;No;2;0.31535;0.90084;0.00000;0.44378;1.21619;TimeDependentAgentBoulware@92;RandomBOAagent@93;0.9008409103954926;0.3153481532773305;0.9008409103954926;0.3153481532773305;0.0;0.0;JaspAronMediumDiscreteDomain_util3.xml;JaspAronMediumDiscreteDomain_util4.xml
;;;0.058;33;;40rounds;Yes;No;2;0.40478;0.77481;0.02862;0.23486;1.17960;RandomBOAagent@94;TimeDependentAgentBoulware@95;0.40478304197509307;0.7748132311767015;0.40478304197509307;0.7748132311767015;0.0;0.0;JaspAronMediumDiscreteDomain_util3.xml;JaspAronMediumDiscreteDomain_util4.xml
;;;0.053;35;;40rounds;Yes;No;2;0.50632;0.69544;0.01549;0.16470;1.20176;TimeDependentAgentBoulware@96;RandomBOAagent@97;0.6954408474403596;0.5063180101404389;0.6954408474403596;0.5063180101404389;0.0;0.0;JaspAronMediumDiscreteDomain_util3.xml;JaspAronMediumDiscreteDomain_util4.xml
;;;0.062;34;;40rounds;Yes;No;2;0.44635;0.73957;0.02365;0.18056;1.18592;RandomBOAagent@98;TimeDependentAgentBoulware@99;0.44634711341921446;0.7395711544956534;0.44634711341921446;0.7395711544956534;0.0;0.0;JaspAronMediumDiscreteDomain_util3.xml;JaspAronMediumDiscreteDomain_util4.xml
;;;0.056;31;;40rounds;Yes;No;2;0.36097;0.83223;0.01833;0.36387;1.19320;TimeDependentAgentBoulware@100;RandomBOAagent@101;0.8322260351537536;0.3609716973388997;0.8322260351537536;0.3609716973388997;0.0;0.0;JaspAronMediumDiscreteDomain_util3.xml;JaspAronMediumDiscreteDomain_util4.xml
;;;0.066;30;;40rounds;Yes;No;2;0.31063;0.88140;0.01845;0.37497;1.19202;RandomBOAagent@102;TimeDependentAgentBoulware@103;0.31062672551676584;0.8813968618916636;0.31062672551676584;0.8813968618916636;0.0;0.0;JaspAronMediumDiscreteDomain_util3.xml;JaspAronMediumDiscreteDomain_util4.xml
;;;0.050;31;;40rounds;Yes;No;2;0.36097;0.83223;0.01833;0.36387;1.19320;TimeDependentAgentBoulware@104;RandomBOAagent@105;0.8322260351537536;0.3609716973388997;0.8322260351537536;0.3609716973388997;0.0;0.0;JaspAronMediumDiscreteDomain_util3.xml;JaspAronMediumDiscreteDomain_util4.xml
;;;0.027;22;;40rounds;Yes;No;2;0.23911;0.97480;0.00000;0.49072;1.21391;RandomBOAagent@106;TimeDependentAgentBoulware@107;0.23910834963747538;0.9747969724988538;0.23910834963747538;0.9747969724988538;0.0;0.0;JaspAronMediumDiscreteDomain_util3.xml;JaspAronMediumDiscreteDomain_util4.xml
;;;0.060;32;;40rounds;Yes;No;2;0.38655;0.81224;0.01331;0.33144;1.19879;TimeDependentAgentBoulware@108;RandomBOAagent@109;0.8122351044777236;0.38655085931770483;0.8122351044777236;0.38655085931770483;0.0;0.0;JaspAronMediumDiscreteDomain_util3.xml;JaspAronMediumDiscreteDomain_util4.xml
;;;0.091;35;;40rounds;Yes;No;2;0.48879;0.72998;0.00000;0.14117;1.21877;RandomBOAagent@110;TimeDependentAgentBoulware@111;0.4887919935862197;0.72997725285402;0.4887919935862197;0.72997725285402;0.0;0.0;JaspAronMediumDiscreteDomain_util3.xml;JaspAronMediumDiscreteDomain_util4.xml
;;;0.055;36;;40rounds;Yes;No;2;0.54472;0.64478;0.02694;0.10464;1.18950;TimeDependentAgentBoulware@112;RandomBOAagent@113;0.6447786327856478;0.5447171788316963;0.6447786327856478;0.5447171788316963;0.0;0.0;JaspAronMediumDiscreteDomain_util3.xml;JaspAronMediumDiscreteDomain_util4.xml
;;;0.051;36;;40rounds;Yes;No;2;0.50974;0.68629;0.01588;0.09839;1.19603;RandomBOAagent@114;TimeDependentAgentBoulware@115;0.5097394843436864;0.6862898867355226;0.5097394843436864;0.6862898867355226;0.0;0.0;JaspAronMediumDiscreteDomain_util3.xml;JaspAronMediumDiscreteDomain_util4.xml
;;;0.104;37;;40rounds;Yes;No;2;0.58246;0.61573;0.01782;0.02413;1.19819;TimeDependentAgentBoulware@116;RandomBOAagent@117;0.5824561621000314;0.6157325733428388;0.5824561621000314;0.6157325733428388;0.0;0.0;JaspAronMediumDiscreteDomain_util3.xml;JaspAronMediumDiscreteDomain_util4.xml
;;;0.064;35;;40rounds;Yes;No;2;0.48879;0.72998;0.00000;0.14117;1.21877;RandomBOAagent@118;TimeDependentAgentBoulware@119;0.4887919935862197;0.72997725285402;0.4887919935862197;0.72997725285402;0.0;0.0;JaspAronMediumDiscreteDomain_util3.xml;JaspAronMediumDiscreteDomain_util4.xml
;;;0.119;32;;40rounds;Yes;No;2;0.38996;0.80246;0.01639;0.32249;1.19242;TimeDependentAgentBoulware@120;RandomBOAagent@121;0.8024557218066461;0.38996095082009824;0.8024557218066461;0.38996095082009824;0.0;0.0;JaspAronMediumDiscreteDomain_util3.xml;JaspAronMediumDiscreteDomain_util4.xml
;;;0.048;27;;40rounds;Yes;No;2;0.27348;0.91925;0.01791;0.42784;1.19273;RandomBOAagent@122;TimeDependentAgentBoulware@123;0.27348414632181006;0.9192485307560269;0.27348414632181006;0.9192485307560269;0.0;0.0;JaspAronMediumDiscreteDomain_util3.xml;JaspAronMediumDiscreteDomain_util4.xml
;;;0.062;34;;40rounds;Yes;No;2;0.46071;0.72973;0.02205;0.22175;1.19044;TimeDependentAgentBoulware@124;RandomBOAagent@125;0.7297304150197165;0.4607107247567175;0.7297304150197165;0.4607107247567175;0.0;0.0;JaspAronMediumDiscreteDomain_util3.xml;JaspAronMediumDiscreteDomain_util4.xml
;;;0.050;31;;40rounds;Yes;No;2;0.34375;0.85854;0.01036;0.33499;1.20229;RandomBOAagent@126;TimeDependentAgentBoulware@127;0.34375373130209363;0.8585378059993094;0.34375373130209363;0.8585378059993094;0.0;0.0;JaspAronMediumDiscreteDomain_util3.xml;JaspAronMediumDiscreteDomain_util4.xml
;;;0.114;38;;40rounds;Yes;No;2;0.54013;0.66098;0.01806;0.05972;1.20111;TimeDependentAgentBoulware@128;RandomBOAagent@129;0.5401332511210295;0.6609763453312406;0.5401332511210295;0.6609763453312406;0.0;0.0;JaspAronMediumDiscreteDomain_util3.xml;JaspAronMediumDiscreteDomain_util4.xml
;;;0.072;34;;40rounds;Yes;No;2;0.43692;0.74573;0.02480;0.19181;1.18265;RandomBOAagent@130;TimeDependentAgentBoulware@131;0.4369228480238687;0.7457260848747065;0.4369228480238687;0.7457260848747065;0.0;0.0;JaspAronMediumDiscreteDomain_util3.xml;JaspAronMediumDiscreteDomain_util4.xml
;;;0.062;29;;40rounds;Yes;No;2;0.31824;0.88134;0.00849;0.42840;1.19958;TimeDependentAgentBoulware@132;RandomBOAagent@133;0.8813399310835892;0.3182396247130167;0.8813399310835892;0.3182396247130167;0.0;0.0;JaspAronMediumDiscreteDomain_util3.xml;JaspAronMediumDiscreteDomain_util4.xml
;;;0.058;39;;40rounds;Yes;No;2;0.52121;0.69379;0.00849;0.15211;1.21501;RandomBOAagent@134;TimeDependentAgentBoulware@135;0.6937947667323998;0.5212127302916517;0.6937947667323998;0.5212127302916517;0.0;0.0;JaspAronMediumDiscreteDomain_util3.xml;JaspAronMediumDiscreteDomain_util4.xml
;;;0.065;36;;40rounds;Yes;No;2;0.57857;0.63736;0.00465;0.07203;1.21593;TimeDependentAgentBoulware@136;RandomBOAagent@137;0.6373623103660429;0.5785705773965668;0.6373623103660429;0.5785705773965668;0.0;0.0;JaspAronMediumDiscreteDomain_util3.xml;JaspAronMediumDiscreteDomain_util4.xml
;;;0.138;36;;40rounds;Yes;No;2;0.50974;0.68629;0.01588;0.09839;1.19603;RandomBOAagent@138;TimeDependentAgentBoulware@139;0.5097394843436864;0.6862898867355226;0.5097394843436864;0.6862898867355226;0.0;0.0;JaspAronMediumDiscreteDomain_util3.xml;JaspAronMediumDiscreteDomain_util4.xml
;;;0.063;36;;40rounds;Yes;No;2;0.57857;0.63736;0.00465;0.07203;1.21593;TimeDependentAgentBoulware@140;RandomBOAagent@141;0.6373623103660429;0.5785705773965668;0.6373623103660429;0.5785705773965668;0.0;0.0;JaspAronMediumDiscreteDomain_util3.xml;JaspAronMediumDiscreteDomain_util4.xml
;;;0.054;27;;40rounds;Yes;No;2;0.26742;0.93153;0.01036;0.44055;1.19895;RandomBOAagent@142;TimeDependentAgentBoulware@143;0.2674165733646846;0.9315336587239244;0.2674165733646846;0.9315336587239244;0.0;0.0;JaspAronMediumDiscreteDomain_util3.xml;JaspAronMediumDiscreteDomain_util4.xml
;;;0.063;36;;40rounds;Yes;No;2;0.57857;0.63736;0.00465;0.07203;1.21593;TimeDependentAgentBoulware@144;RandomBOAagent@145;0.6373623103660429;0.5785705773965668;0.6373623103660429;0.5785705773965668;0.0;0.0;JaspAronMediumDiscreteDomain_util3.xml;JaspAronMediumDiscreteDomain_util4.xml
;;;0.069;29;;40rounds;Yes;No;2;0.29701;0.90117;0.01301;0.39825;1.19818;RandomBOAagent@146;TimeDependentAgentBoulware@147;0.2970093280739262;0.901171985804396;0.2970093280739262;0.901171985804396;0.0;0.0;JaspAronMediumDiscreteDomain_util3.xml;JaspAronMediumDiscreteDomain_util4.xml
;;;0.080;38;;40rounds;Yes;No;2;0.52121;0.68303;0.01277;0.08690;1.20424;TimeDependentAgentBoulware@148;RandomBOAagent@149;0.521207120255945;0.6830349019045167;0.521207120255945;0.6830349019045167;0.0;0.0;JaspAronMediumDiscreteDomain_util3.xml;JaspAronMediumDiscreteDomain_util4.xml
;;;0.058;38;;40rounds;Yes;No;2;0.58247;0.61001;0.02216;0.05623;1.19248;RandomBOAagent@150;TimeDependentAgentBoulware@151;0.6100055462923603;0.5824709548752632;0.6100055462923603;0.5824709548752632;0.0;0.0;JaspAronMediumDiscreteDomain_util3.xml;JaspAronMediumDiscreteDomain_util4.xml
;;;0.060;36;;40rounds;Yes;No;2;0.57857;0.63736;0.00465;0.07203;1.21593;TimeDependentAgentBoulware@152;RandomBOAagent@153;0.6373623103660429;0.5785705773965668;0.6373623103660429;0.5785705773965668;0.0;0.0;JaspAronMediumDiscreteDomain_util3.xml;JaspAronMediumDiscreteDomain_util4.xml
;;;0.053;35;;40rounds;Yes;No;2;0.48879;0.72998;0.00000;0.14117;1.21877;RandomBOAagent@154;TimeDependentAgentBoulware@155;0.4887919935862197;0.72997725285402;0.4887919935862197;0.72997725285402;0.0;0.0;JaspAronMediumDiscreteDomain_util3.xml;JaspAronMediumDiscreteDomain_util4.xml
;;;0.071;38;;40rounds;Yes;No;2;0.55348;0.65906;0.00608;0.04691;1.21253;TimeDependentAgentBoulware@156;RandomBOAagent@157;0.5534753279429198;0.6590564260660167;0.5534753279429198;0.6590564260660167;0.0;0.0;JaspAronMediumDiscreteDomain_util3.xml;JaspAronMediumDiscreteDomain_util4.xml
;;;0.045;30;;40rounds;Yes;No;2;0.32786;0.85918;0.01791;0.34746;1.18705;RandomBOAagent@158;TimeDependentAgentBoulware@159;0.3278646031406695;0.859183198647;0.3278646031406695;0.859183198647;0.0;0.0;JaspAronMediumDiscreteDomain_util3.xml;JaspAronMediumDiscreteDomain_util4.xml
;;;0.050;32;;40rounds;Yes;No;2;0.39032;0.81049;0.01052;0.32745;1.20081;TimeDependentAgentBoulware@160;RandomBOAagent@161;0.8104890652062909;0.3903244642154178;0.8104890652062909;0.3903244642154178;0.0;0.0;JaspAronMediumDiscreteDomain_util3.xml;JaspAronMediumDiscreteDomain_util4.xml
;;;0.102;35;;40rounds;Yes;No;2;0.48879;0.72998;0.00000;0.14117;1.21877;RandomBOAagent@162;TimeDependentAgentBoulware@163;0.4887919935862197;0.72997725285402;0.4887919935862197;0.72997725285402;0.0;0.0;JaspAronMediumDiscreteDomain_util3.xml;JaspAronMediumDiscreteDomain_util4.xml
;;;0.074;37;;40rounds;Yes;No;2;0.59095;0.62893;0.00556;0.05706;1.21988;TimeDependentAgentBoulware@164;RandomBOAagent@165;0.6289252447072492;0.5909535981852607;0.6289252447072492;0.5909535981852607;0.0;0.0;JaspAronMediumDiscreteDomain_util3.xml;JaspAronMediumDiscreteDomain_util4.xml
;;;0.032;32;;40rounds;Yes;No;2;0.37464;0.83179;0.00943;0.29413;1.20643;RandomBOAagent@166;TimeDependentAgentBoulware@167;0.3746425498714735;0.8317913062084493;0.3746425498714735;0.8317913062084493;0.0;0.0;JaspAronMediumDiscreteDomain_util3.xml;JaspAronMediumDiscreteDomain_util4.xml
;;;0.047;39;;40rounds;Yes;No;2;0.49076;0.71228;0.01446;0.12855;1.20303;TimeDependentAgentBoulware@168;RandomBOAagent@169;0.49075556744835025;0.7122771548778991;0.49075556744835025;0.7122771548778991;0.0;0.0;JaspAronMediumDiscreteDomain_util3.xml;JaspAronMediumDiscreteDomain_util4.xml
;;;0.047;29;;40rounds;Yes;No;2;0.29701;0.90117;0.01301;0.39825;1.19818;RandomBOAagent@170;TimeDependentAgentBoulware@171;0.2970093280739262;0.901171985804396;0.2970093280739262;0.901171985804396;0.0;0.0;JaspAronMediumDiscreteDomain_util3.xml;JaspAronMediumDiscreteDomain_util4.xml
;;;0.043;36;;40rounds;Yes;No;2;0.54110;0.64821;0.02561;0.10947;1.18931;TimeDependentAgentBoulware@172;RandomBOAagent@173;0.6482129252982615;0.5410986806053708;0.6482129252982615;0.5410986806053708;0.0;0.0;JaspAronMediumDiscreteDomain_util3.xml;JaspAronMediumDiscreteDomain_util4.xml
;;;0.021;24;;40rounds;Yes;No;2;0.25214;0.96640;0.00000;0.47549;1.21854;RandomBOAagent@174;TimeDependentAgentBoulware@175;0.2521444661833005;0.9663959633318051;0.2521444661833005;0.9663959633318051;0.0;0.0;JaspAronMediumDiscreteDomain_util3.xml;JaspAronMediumDiscreteDomain_util4.xml
;;;0.044;36;;40rounds;Yes;No;2;0.51769;0.69486;0.01052;0.15548;1.21255;TimeDependentAgentBoulware@176;RandomBOAagent@177;0.694859566543345;0.5176921248861226;0.694859566543345;0.5176921248861226;0.0;0.0;JaspAronMediumDiscreteDomain_util3.xml;JaspAronMediumDiscreteDomain_util4.xml
;;;0.054;36;;40rounds;Yes;No;2;0.55080;0.65267;0.01027;0.04670;1.20347;RandomBOAagent@178;TimeDependentAgentBoulware@179;0.5507998749651865;0.6526732289849884;0.5507998749651865;0.6526732289849884;0.0;0.0;JaspAronMediumDiscreteDomain_util3.xml;JaspAronMediumDiscreteDomain_util4.xml
;;;0.045;34;;40rounds;Yes;No;2;0.46746;0.74044;0.01052;0.22328;1.20790;TimeDependentAgentBoulware@180;RandomBOAagent@181;0.7404392113970946;0.46745743523306543;0.7404392113970946;0.46745743523306543;0.0;0.0;JaspAronMediumDiscreteDomain_util3.xml;JaspAronMediumDiscreteDomain_util4.xml
;;;0.026;26;;40rounds;Yes;No;2;0.26321;0.94535;0.00000;0.45298;1.20856;RandomBOAagent@182;TimeDependentAgentBoulware@183;0.2632148122866061;0.9453463128015392;0.2632148122866061;0.9453463128015392;0.0;0.0;JaspAronMediumDiscreteDomain_util3.xml;JaspAronMediumDiscreteDomain_util4.xml
;;;0.047;32;;40rounds;Yes;No;2;0.38996;0.80246;0.01639;0.32249;1.19242;TimeDependentAgentBoulware@184;RandomBOAagent@185;0.8024557218066461;0.38996095082009824;0.8024557218066461;0.38996095082009824;0.0;0.0;JaspAronMediumDiscreteDomain_util3.xml;JaspAronMediumDiscreteDomain_util4.xml
;;;0.047;38;;40rounds;Yes;No;2;0.58247;0.61001;0.02216;0.05623;1.19248;RandomBOAagent@186;TimeDependentAgentBoulware@187;0.6100055462923603;0.5824709548752632;0.6100055462923603;0.5824709548752632;0.0;0.0;JaspAronMediumDiscreteDomain_util3.xml;JaspAronMediumDiscreteDomain_util4.xml
;;;0.023;29;;40rounds;Yes;No;2;0.31824;0.88134;0.00849;0.42840;1.19958;TimeDependentAgentBoulware@188;RandomBOAagent@189;0.8813399310835892;0.3182396247130167;0.8813399310835892;0.3182396247130167;0.0;0.0;JaspAronMediumDiscreteDomain_util3.xml;JaspAronMediumDiscreteDomain_util4.xml
;;;0.054;33;;40rounds;Yes;No;2;0.39402;0.80234;0.01304;0.26025;1.19636;RandomBOAagent@190;TimeDependentAgentBoulware@191;0.3940186561478525;0.802343971608792;0.3940186561478525;0.802343971608792;0.0;0.0;JaspAronMediumDiscreteDomain_util3.xml;JaspAronMediumDiscreteDomain_util4.xml
;;;0.029;28;;40rounds;Yes;No;2;0.31535;0.90084;0.00000;0.44378;1.21619;TimeDependentAgentBoulware@192;RandomBOAagent@193;0.9008409103954926;0.3153481532773305;0.9008409103954926;0.3153481532773305;0.0;0.0;JaspAronMediumDiscreteDomain_util3.xml;JaspAronMediumDiscreteDomain_util4.xml
;;;0.031;34;;40rounds;Yes;No;2;0.43009;0.76821;0.01558;0.21073;1.19829;RandomBOAagent@194;TimeDependentAgentBoulware@195;0.43008780650127826;0.7682053686938933;0.43008780650127826;0.7682053686938933;0.0;0.0;JaspAronMediumDiscreteDomain_util3.xml;JaspAronMediumDiscreteDomain_util4.xml
;;;0.146;32;;40rounds;Yes;No;2;0.39899;0.80786;0.00804;0.31922;1.20685;TimeDependentAgentBoulware@196;RandomBOAagent@197;0.8078557847617791;0.3989910939569898;0.8078557847617791;0.3989910939569898;0.0;0.0;JaspAronMediumDiscreteDomain_util3.xml;JaspAronMediumDiscreteDomain_util4.xml
;;;0.040;33;;40rounds;Yes;No;2;0.41304;0.79160;0.01052;0.23878;1.20464;RandomBOAagent@198;TimeDependentAgentBoulware@199;0.4130361165458251;0.7915989908329513;0.4130361165458251;0.7915989908329513;0.0;0.0;JaspAronMediumDiscreteDomain_util3.xml;JaspAronMediumDiscreteDomain_util4.xml
;;;0.023;23;;40rounds;Yes;No;2;0.23785;0.96286;0.00000;0.54273;1.20071;TimeDependentAgentBoulware@200;RandomBOAagent@201;0.9628574208050442;0.2378516688643633;0.9628574208050442;0.2378516688643633;0.0;0.0;JaspAronMediumDiscreteDomain_util3.xml;JaspAronMediumDiscreteDomain_util4.xml
;;;0.050;34;;40rounds;Yes;No;2;0.45938;0.73117;0.02288;0.16506;1.19055;RandomBOAagent@202;TimeDependentAgentBoulware@203;0.4593832299650396;0.7311701453286047;0.4593832299650396;0.7311701453286047;0.0;0.0;JaspAronMediumDiscreteDomain_util3.xml;JaspAronMediumDiscreteDomain_util4.xml
;;;0.052;36;;40rounds;Yes;No;2;0.57857;0.63736;0.00465;0.07203;1.21593;TimeDependentAgentBoulware@204;RandomBOAagent@205;0.6373623103660429;0.5785705773965668;0.6373623103660429;0.5785705773965668;0.0;0.0;JaspAronMediumDiscreteDomain_util3.xml;JaspAronMediumDiscreteDomain_util4.xml
;;;0.047;38;;40rounds;Yes;No;2;0.58247;0.61001;0.02216;0.05623;1.19248;RandomBOAagent@206;TimeDependentAgentBoulware@207;0.6100055462923603;0.5824709548752632;0.6100055462923603;0.5824709548752632;0.0;0.0;JaspAronMediumDiscreteDomain_util3.xml;JaspAronMediumDiscreteDomain_util4.xml
;;;0.051;36;;40rounds;Yes;No;2;0.57857;0.63736;0.00465;0.07203;1.21593;TimeDependentAgentBoulware@208;RandomBOAagent@209;0.6373623103660429;0.5785705773965668;0.6373623103660429;0.5785705773965668;0.0;0.0;JaspAronMediumDiscreteDomain_util3.xml;JaspAronMediumDiscreteDomain_util4.xml
;;;0.046;34;;40rounds;Yes;No;2;0.43009;0.76821;0.01558;0.21073;1.19829;RandomBOAagent@210;TimeDependentAgentBoulware@211;0.43008780650127826;0.7682053686938933;0.43008780650127826;0.7682053686938933;0.0;0.0;JaspAronMediumDiscreteDomain_util3.xml;JaspAronMediumDiscreteDomain_util4.xml
;;;0.038;32;;40rounds;Yes;No;2;0.38996;0.80246;0.01639;0.32249;1.19242;TimeDependentAgentBoulware@212;RandomBOAagent@213;0.8024557218066461;0.38996095082009824;0.8024557218066461;0.38996095082009824;0.0;0.0;JaspAronMediumDiscreteDomain_util3.xml;JaspAronMediumDiscreteDomain_util4.xml
;;;0.046;34;;40rounds;Yes;No;2;0.43009;0.76821;0.01558;0.21073;1.19829;RandomBOAagent@214;TimeDependentAgentBoulware@215;0.43008780650127826;0.7682053686938933;0.43008780650127826;0.7682053686938933;0.0;0.0;JaspAronMediumDiscreteDomain_util3.xml;JaspAronMediumDiscreteDomain_util4.xml
;;;0.034;28;;40rounds;Yes;No;2;0.31535;0.90084;0.00000;0.44378;1.21619;TimeDependentAgentBoulware@216;RandomBOAagent@217;0.9008409103954926;0.3153481532773305;0.9008409103954926;0.3153481532773305;0.0;0.0;JaspAronMediumDiscreteDomain_util3.xml;JaspAronMediumDiscreteDomain_util4.xml
;;;0.050;36;;40rounds;Yes;No;2;0.50974;0.68629;0.01588;0.09839;1.19603;RandomBOAagent@218;TimeDependentAgentBoulware@219;0.5097394843436864;0.6862898867355226;0.5097394843436864;0.6862898867355226;0.0;0.0;JaspAronMediumDiscreteDomain_util3.xml;JaspAronMediumDiscreteDomain_util4.xml
;;;0.037;30;;40rounds;Yes;No;2;0.34417;0.85830;0.01036;0.39371;1.20247;TimeDependentAgentBoulware@220;RandomBOAagent@221;0.8582982682454038;0.3441696790048022;0.8582982682454038;0.3441696790048022;0.0;0.0;JaspAronMediumDiscreteDomain_util3.xml;JaspAronMediumDiscreteDomain_util4.xml
;;;0.075;36;;40rounds;Yes;No;2;0.50974;0.68629;0.01588;0.09839;1.19603;RandomBOAagent@222;TimeDependentAgentBoulware@223;0.5097394843436864;0.6862898867355226;0.5097394843436864;0.6862898867355226;0.0;0.0;JaspAronMediumDiscreteDomain_util3.xml;JaspAronMediumDiscreteDomain_util4.xml
;;;0.060;38;;40rounds;Yes;No;2;0.52121;0.68303;0.01277;0.08690;1.20424;TimeDependentAgentBoulware@224;RandomBOAagent@225;0.521207120255945;0.6830349019045167;0.521207120255945;0.6830349019045167;0.0;0.0;JaspAronMediumDiscreteDomain_util3.xml;JaspAronMediumDiscreteDomain_util4.xml
;;;0.033;35;;40rounds;Yes;No;2;0.48879;0.72998;0.00000;0.14117;1.21877;RandomBOAagent@226;TimeDependentAgentBoulware@227;0.4887919935862197;0.72997725285402;0.4887919935862197;0.72997725285402;0.0;0.0;JaspAronMediumDiscreteDomain_util3.xml;JaspAronMediumDiscreteDomain_util4.xml
;;;0.046;37;;40rounds;Yes;No;2;0.58246;0.61573;0.01782;0.02413;1.19819;TimeDependentAgentBoulware@228;RandomBOAagent@229;0.5824561621000314;0.6157325733428388;0.5824561621000314;0.6157325733428388;0.0;0.0;JaspAronMediumDiscreteDomain_util3.xml;JaspAronMediumDiscreteDomain_util4.xml
;;;0.059;37;;40rounds;Yes;No;2;0.57875;0.63721;0.00804;0.01590;1.21595;RandomBOAagent@230;TimeDependentAgentBoulware@231;0.5787465489664683;0.6372062762166727;0.5787465489664683;0.6372062762166727;0.0;0.0;JaspAronMediumDiscreteDomain_util3.xml;JaspAronMediumDiscreteDomain_util4.xml
;;;0.040;32;;40rounds;Yes;No;2;0.38655;0.81224;0.01331;0.33144;1.19879;TimeDependentAgentBoulware@232;RandomBOAagent@233;0.8122351044777236;0.38655085931770483;0.8122351044777236;0.38655085931770483;0.0;0.0;JaspAronMediumDiscreteDomain_util3.xml;JaspAronMediumDiscreteDomain_util4.xml
;;;0.061;33;;40rounds;Yes;No;2;0.39402;0.80234;0.01304;0.26025;1.19636;RandomBOAagent@234;TimeDependentAgentBoulware@235;0.3940186561478525;0.802343971608792;0.3940186561478525;0.802343971608792;0.0;0.0;JaspAronMediumDiscreteDomain_util3.xml;JaspAronMediumDiscreteDomain_util4.xml
;;;0.041;34;;40rounds;Yes;No;2;0.45645;0.74905;0.01280;0.23725;1.20550;TimeDependentAgentBoulware@236;RandomBOAagent@237;0.749053835693754;0.4564468338827014;0.749053835693754;0.4564468338827014;0.0;0.0;JaspAronMediumDiscreteDomain_util3.xml;JaspAronMediumDiscreteDomain_util4.xml
;;;0.047;36;;40rounds;Yes;No;2;0.51710;0.68671;0.01052;0.09234;1.20381;RandomBOAagent@238;TimeDependentAgentBoulware@239;0.5171002173134289;0.6867139390790907;0.5171002173134289;0.6867139390790907;0.0;0.0;JaspAronMediumDiscreteDomain_util3.xml;JaspAronMediumDiscreteDomain_util4.xml
;;;0.085;37;;40rounds;Yes;No;2;0.58246;0.61573;0.01782;0.02413;1.19819;TimeDependentAgentBoulware@240;RandomBOAagent@241;0.5824561621000314;0.6157325733428388;0.5824561621000314;0.6157325733428388;0.0;0.0;JaspAronMediumDiscreteDomain_util3.xml;JaspAronMediumDiscreteDomain_util4.xml
;;;0.031;36;;40rounds;Yes;No;2;0.50974;0.68629;0.01588;0.09839;1.19603;RandomBOAagent@242;TimeDependentAgentBoulware@243;0.5097394843436864;0.6862898867355226;0.5097394843436864;0.6862898867355226;0.0;0.0;JaspAronMediumDiscreteDomain_util3.xml;JaspAronMediumDiscreteDomain_util4.xml
;;;0.071;34;;40rounds;Yes;No;2;0.46071;0.72973;0.02205;0.22175;1.19044;TimeDependentAgentBoulware@244;RandomBOAagent@245;0.7297304150197165;0.4607107247567175;0.7297304150197165;0.4607107247567175;0.0;0.0;JaspAronMediumDiscreteDomain_util3.xml;JaspAronMediumDiscreteDomain_util4.xml
;;;0.139;35;;40rounds;Yes;No;2;0.48879;0.72998;0.00000;0.14117;1.21877;RandomBOAagent@246;TimeDependentAgentBoulware@247;0.4887919935862197;0.72997725285402;0.4887919935862197;0.72997725285402;0.0;0.0;JaspAronMediumDiscreteDomain_util3.xml;JaspAronMediumDiscreteDomain_util4.xml
;;;0.039;29;;40rounds;Yes;No;2;0.31824;0.88134;0.00849;0.42840;1.19958;TimeDependentAgentBoulware@248;RandomBOAagent@249;0.8813399310835892;0.3182396247130167;0.8813399310835892;0.3182396247130167;0.0;0.0;JaspAronMediumDiscreteDomain_util3.xml;JaspAronMediumDiscreteDomain_util4.xml
;;;0.052;37;;40rounds;Yes;No;2;0.57875;0.63721;0.00804;0.01590;1.21595;RandomBOAagent@250;TimeDependentAgentBoulware@251;0.5787465489664683;0.6372062762166727;0.5787465489664683;0.6372062762166727;0.0;0.0;JaspAronMediumDiscreteDomain_util3.xml;JaspAronMediumDiscreteDomain_util4.xml
;;;0.070;36;;40rounds;Yes;No;2;0.57857;0.63736;0.00465;0.07203;1.21593;TimeDependentAgentBoulware@252;RandomBOAagent@253;0.6373623103660429;0.5785705773965668;0.6373623103660429;0.5785705773965668;0.0;0.0;JaspAronMediumDiscreteDomain_util3.xml;JaspAronMediumDiscreteDomain_util4.xml
;;;0.054;34;;40rounds;Yes;No;2;0.43009;0.76821;0.01558;0.21073;1.19829;RandomBOAagent@254;TimeDependentAgentBoulware@255;0.43008780650127826;0.7682053686938933;0.43008780650127826;0.7682053686938933;0.0;0.0;JaspAronMediumDiscreteDomain_util3.xml;JaspAronMediumDiscreteDomain_util4.xml
;;;0.072;34;;40rounds;Yes;No;2;0.46071;0.72973;0.02205;0.22175;1.19044;TimeDependentAgentBoulware@256;RandomBOAagent@257;0.7297304150197165;0.4607107247567175;0.7297304150197165;0.4607107247567175;0.0;0.0;JaspAronMediumDiscreteDomain_util3.xml;JaspAronMediumDiscreteDomain_util4.xml
;;;0.057;32;;40rounds;Yes;No;2;0.37464;0.83179;0.00943;0.29413;1.20643;RandomBOAagent@258;TimeDependentAgentBoulware@259;0.3746425498714735;0.8317913062084493;0.3746425498714735;0.8317913062084493;0.0;0.0;JaspAronMediumDiscreteDomain_util3.xml;JaspAronMediumDiscreteDomain_util4.xml
;;;0.040;27;;40rounds;Yes;No;2;0.30333;0.91731;0.00000;0.46386;1.22064;TimeDependentAgentBoulware@260;RandomBOAagent@261;0.9173113194539314;0.3033286458839563;0.9173113194539314;0.3033286458839563;0.0;0.0;JaspAronMediumDiscreteDomain_util3.xml;JaspAronMediumDiscreteDomain_util4.xml
;;;0.064;33;;40rounds;Yes;No;2;0.39402;0.80234;0.01304;0.26025;1.19636;RandomBOAagent@262;TimeDependentAgentBoulware@263;0.3940186561478525;0.802343971608792;0.3940186561478525;0.802343971608792;0.0;0.0;JaspAronMediumDiscreteDomain_util3.xml;JaspAronMediumDiscreteDomain_util4.xml
;;;0.062;35;;40rounds;Yes;No;2;0.50948;0.68634;0.02216;0.15672;1.19582;TimeDependentAgentBoulware@264;RandomBOAagent@265;0.6863427042297693;0.5094751021506484;0.6863427042297693;0.5094751021506484;0.0;0.0;JaspAronMediumDiscreteDomain_util3.xml;JaspAronMediumDiscreteDomain_util4.xml
;;;0.056;38;;40rounds;Yes;No;2;0.58247;0.61001;0.02216;0.05623;1.19248;RandomBOAagent@266;TimeDependentAgentBoulware@267;0.6100055462923603;0.5824709548752632;0.6100055462923603;0.5824709548752632;0.0;0.0;JaspAronMediumDiscreteDomain_util3.xml;JaspAronMediumDiscreteDomain_util4.xml
;;;0.117;34;;40rounds;Yes;No;2;0.46071;0.72973;0.02205;0.22175;1.19044;TimeDependentAgentBoulware@268;RandomBOAagent@269;0.7297304150197165;0.4607107247567175;0.7297304150197165;0.4607107247567175;0.0;0.0;JaspAronMediumDiscreteDomain_util3.xml;JaspAronMediumDiscreteDomain_util4.xml
;;;0.055;36;;40rounds;Yes;No;2;0.55394;0.64238;0.01653;0.04111;1.19632;RandomBOAagent@270;TimeDependentAgentBoulware@271;0.5539368362323197;0.6423811803129026;0.5539368362323197;0.6423811803129026;0.0;0.0;JaspAronMediumDiscreteDomain_util3.xml;JaspAronMediumDiscreteDomain_util4.xml
;;;0.047;36;;40rounds;Yes;No;2;0.57857;0.63736;0.00465;0.07203;1.21593;TimeDependentAgentBoulware@272;RandomBOAagent@273;0.6373623103660429;0.5785705773965668;0.6373623103660429;0.5785705773965668;0.0;0.0;JaspAronMediumDiscreteDomain_util3.xml;JaspAronMediumDiscreteDomain_util4.xml
;;;0.106;36;;40rounds;Yes;No;2;0.50974;0.68629;0.01588;0.09839;1.19603;RandomBOAagent@274;TimeDependentAgentBoulware@275;0.5097394843436864;0.6862898867355226;0.5097394843436864;0.6862898867355226;0.0;0.0;JaspAronMediumDiscreteDomain_util3.xml;JaspAronMediumDiscreteDomain_util4.xml
;;;0.067;39;;40rounds;Yes;No;2;0.46723;0.73035;0.01558;0.15821;1.19758;TimeDependentAgentBoulware@276;RandomBOAagent@277;0.4672303856962341;0.73035369982953;0.4672303856962341;0.73035369982953;0.0;0.0;JaspAronMediumDiscreteDomain_util3.xml;JaspAronMediumDiscreteDomain_util4.xml
;;;0.064;33;;40rounds;Yes;No;2;0.39402;0.80234;0.01304;0.26025;1.19636;RandomBOAagent@278;TimeDependentAgentBoulware@279;0.3940186561478525;0.802343971608792;0.3940186561478525;0.802343971608792;0.0;0.0;JaspAronMediumDiscreteDomain_util3.xml;JaspAronMediumDiscreteDomain_util4.xml
;;;0.058;36;;40rounds;Yes;No;2;0.57857;0.63736;0.00465;0.07203;1.21593;TimeDependentAgentBoulware@280;RandomBOAagent@281;0.6373623103660429;0.5785705773965668;0.6373623103660429;0.5785705773965668;0.0;0.0;JaspAronMediumDiscreteDomain_util3.xml;JaspAronMediumDiscreteDomain_util4.xml
;;;0.055;30;;40rounds;Yes;No;2;0.32366;0.87300;0.00798;0.35962;1.19666;RandomBOAagent@282;TimeDependentAgentBoulware@283;0.32366284206259094;0.8729958527246148;0.32366284206259094;0.8729958527246148;0.0;0.0;JaspAronMediumDiscreteDomain_util3.xml;JaspAronMediumDiscreteDomain_util4.xml
;;;0.035;32;;40rounds;Yes;No;2;0.38996;0.80246;0.01639;0.32249;1.19242;TimeDependentAgentBoulware@284;RandomBOAagent@285;0.8024557218066461;0.38996095082009824;0.8024557218066461;0.38996095082009824;0.0;0.0;JaspAronMediumDiscreteDomain_util3.xml;JaspAronMediumDiscreteDomain_util4.xml
;;;0.049;30;;40rounds;Yes;No;2;0.31063;0.88140;0.01845;0.37497;1.19202;RandomBOAagent@286;TimeDependentAgentBoulware@287;0.31062672551676584;0.8813968618916636;0.31062672551676584;0.8813968618916636;0.0;0.0;JaspAronMediumDiscreteDomain_util3.xml;JaspAronMediumDiscreteDomain_util4.xml
;;;0.059;31;;40rounds;Yes;No;2;0.36097;0.83223;0.01833;0.36387;1.19320;TimeDependentAgentBoulware@288;RandomBOAagent@289;0.8322260351537536;0.3609716973388997;0.8322260351537536;0.3609716973388997;0.0;0.0;JaspAronMediumDiscreteDomain_util3.xml;JaspAronMediumDiscreteDomain_util4.xml
;;;0.086;38;;40rounds;Yes;No;2;0.53784;0.65968;0.01629;0.11822;1.19752;RandomBOAagent@290;TimeDependentAgentBoulware@291;0.6596805612105199;0.537843695774365;0.6596805612105199;0.537843695774365;0.0;0.0;JaspAronMediumDiscreteDomain_util3.xml;JaspAronMediumDiscreteDomain_util4.xml
;;;0.097;35;;40rounds;Yes;No;2;0.50948;0.68634;0.02216;0.15672;1.19582;TimeDependentAgentBoulware@292;RandomBOAagent@293;0.6863427042297693;0.5094751021506484;0.6863427042297693;0.5094751021506484;0.0;0.0;JaspAronMediumDiscreteDomain_util3.xml;JaspAronMediumDiscreteDomain_util4.xml
;;;0.047;33;;40rounds;Yes;No;2;0.40861;0.78899;0.01450;0.24050;1.19760;RandomBOAagent@294;TimeDependentAgentBoulware@295;0.40861462429665946;0.7889893986496359;0.40861462429665946;0.7889893986496359;0.0;0.0;JaspAronMediumDiscreteDomain_util3.xml;JaspAronMediumDiscreteDomain_util4.xml
;;;0.074;33;;40rounds;Yes;No;2;0.43694;0.76834;0.01036;0.26462;1.20528;TimeDependentAgentBoulware@296;RandomBOAagent@297;0.7683437128651551;0.4369406556421495;0.7683437128651551;0.4369406556421495;0.0;0.0;JaspAronMediumDiscreteDomain_util3.xml;JaspAronMediumDiscreteDomain_util4.xml
;;;0.106;31;;40rounds;Yes;No;2;0.36562;0.85555;0.00000;0.31686;1.22117;RandomBOAagent@298;TimeDependentAgentBoulware@299;0.36562420331566536;0.8555484417428268;0.36562420331566536;0.8555484417428268;0.0;0.0;JaspAronMediumDiscreteDomain_util3.xml;JaspAronMediumDiscreteDomain_util4.xml
;;;0.064;38;;40rounds;Yes;No;2;0.55022;0.66405;0.00792;0.05223;1.21427;TimeDependentAgentBoulware@300;RandomBOAagent@301;0.550218594068172;0.664047343730672;0.550218594068172;0.664047343730672;0.0;0.0;JaspAronMediumDiscreteDomain_util3.xml;JaspAronMediumDiscreteDomain_util4.xml
;;;0.069;36;;40rounds;Yes;No;2;0.50974;0.68629;0.01588;0.09839;1.19603;RandomBOAagent@302;TimeDependentAgentBoulware@303;0.5097394843436864;0.6862898867355226;0.5097394843436864;0.6862898867355226;0.0;0.0;JaspAronMediumDiscreteDomain_util3.xml;JaspAronMediumDiscreteDomain_util4.xml
;;;0.054;33;;40rounds;Yes;No;2;0.43694;0.76834;0.01036;0.26462;1.20528;TimeDependentAgentBoulware@304;RandomBOAagent@305;0.7683437128651551;0.4369406556421495;0.7683437128651551;0.4369406556421495;0.0;0.0;JaspAronMediumDiscreteDomain_util3.xml;JaspAronMediumDiscreteDomain_util4.xml
;;;0.078;33;;40rounds;Yes;No;2;0.44205;0.77261;0.00285;0.20443;1.21466;RandomBOAagent@306;TimeDependentAgentBoulware@307;0.44204759035805224;0.7726114326591066;0.44204759035805224;0.7726114326591066;0.0;0.0;JaspAronMediumDiscreteDomain_util3.xml;JaspAronMediumDiscreteDomain_util4.xml
;;;0.058;35;;40rounds;Yes;No;2;0.48618;0.70102;0.02584;0.18421;1.18720;TimeDependentAgentBoulware@308;RandomBOAagent@309;0.7010249014835542;0.4861793728323869;0.7010249014835542;0.4861793728323869;0.0;0.0;JaspAronMediumDiscreteDomain_util3.xml;JaspAronMediumDiscreteDomain_util4.xml
;;;0.052;32;;40rounds;Yes;No;2;0.37464;0.83179;0.00943;0.29413;1.20643;RandomBOAagent@310;TimeDependentAgentBoulware@311;0.3746425498714735;0.8317913062084493;0.3746425498714735;0.8317913062084493;0.0;0.0;JaspAronMediumDiscreteDomain_util3.xml;JaspAronMediumDiscreteDomain_util4.xml
;;;0.055;33;;40rounds;Yes;No;2;0.43694;0.76834;0.01036;0.26462;1.20528;TimeDependentAgentBoulware@312;RandomBOAagent@313;0.7683437128651551;0.4369406556421495;0.7683437128651551;0.4369406556421495;0.0;0.0;JaspAronMediumDiscreteDomain_util3.xml;JaspAronMediumDiscreteDomain_util4.xml
;;;0.067;24;;40rounds;Yes;No;2;0.23371;0.96577;0.01052;0.48851;1.19948;RandomBOAagent@314;TimeDependentAgentBoulware@315;0.2337082866823423;0.9657668293619621;0.2337082866823423;0.9657668293619621;0.0;0.0;JaspAronMediumDiscreteDomain_util3.xml;JaspAronMediumDiscreteDomain_util4.xml
;;;0.099;31;;40rounds;Yes;No;2;0.37867;0.83499;0.00804;0.35253;1.21366;TimeDependentAgentBoulware@316;RandomBOAagent@317;0.8349928176643746;0.3786684702173633;0.8349928176643746;0.3786684702173633;0.0;0.0;JaspAronMediumDiscreteDomain_util3.xml;JaspAronMediumDiscreteDomain_util4.xml
;;;0.058;34;;40rounds;Yes;No;2;0.45558;0.76278;0.00340;0.18780;1.21836;RandomBOAagent@318;TimeDependentAgentBoulware@319;0.455578758695914;0.7627774651054796;0.455578758695914;0.7627774651054796;0.0;0.0;JaspAronMediumDiscreteDomain_util3.xml;JaspAronMediumDiscreteDomain_util4.xml
;;;0.064;35;;40rounds;Yes;No;2;0.46756;0.73807;0.01184;0.22167;1.20563;TimeDependentAgentBoulware@320;RandomBOAagent@321;0.7380697186954264;0.46755532805386185;0.7380697186954264;0.46755532805386185;0.0;0.0;JaspAronMediumDiscreteDomain_util3.xml;JaspAronMediumDiscreteDomain_util4.xml
;;;0.056;35;;40rounds;Yes;No;2;0.48879;0.72998;0.00000;0.14117;1.21877;RandomBOAagent@322;TimeDependentAgentBoulware@323;0.4887919935862197;0.72997725285402;0.4887919935862197;0.72997725285402;0.0;0.0;JaspAronMediumDiscreteDomain_util3.xml;JaspAronMediumDiscreteDomain_util4.xml
;;;0.105;38;;40rounds;Yes;No;2;0.56599;0.62775;0.02300;0.02997;1.19374;TimeDependentAgentBoulware@324;RandomBOAagent@325;0.5659857530415928;0.6277520807362129;0.5659857530415928;0.6277520807362129;0.0;0.0;JaspAronMediumDiscreteDomain_util3.xml;JaspAronMediumDiscreteDomain_util4.xml
;;;0.064;36;;40rounds;Yes;No;2;0.51965;0.68799;0.00826;0.09093;1.20764;RandomBOAagent@326;TimeDependentAgentBoulware@327;0.519647268652963;0.6879884656966242;0.519647268652963;0.6879884656966242;0.0;0.0;JaspAronMediumDiscreteDomain_util3.xml;JaspAronMediumDiscreteDomain_util4.xml
;;;0.084;37;;40rounds;Yes;No;2;0.58246;0.61573;0.01782;0.02413;1.19819;TimeDependentAgentBoulware@328;RandomBOAagent@329;0.5824561621000314;0.6157325733428388;0.5824561621000314;0.6157325733428388;0.0;0.0;JaspAronMediumDiscreteDomain_util3.xml;JaspAronMediumDiscreteDomain_util4.xml
;;;0.044;31;;40rounds;Yes;No;2;0.34854;0.83335;0.02288;0.31510;1.18189;RandomBOAagent@330;TimeDependentAgentBoulware@331;0.3485367732771867;0.8333510371760109;0.3485367732771867;0.8333510371760109;0.0;0.0;JaspAronMediumDiscreteDomain_util3.xml;JaspAronMediumDiscreteDomain_util4.xml
;;;0.050;37;;40rounds;Yes;No;2;0.58246;0.61573;0.01782;0.02413;1.19819;TimeDependentAgentBoulware@332;RandomBOAagent@333;0.5824561621000314;0.6157325733428388;0.5824561621000314;0.6157325733428388;0.0;0.0;JaspAronMediumDiscreteDomain_util3.xml;JaspAronMediumDiscreteDomain_util4.xml
;;;0.060;35;;40rounds;Yes;No;2;0.48879;0.72998;0.00000;0.14117;1.21877;RandomBOAagent@334;TimeDependentAgentBoulware@335;0.4887919935862197;0.72997725285402;0.4887919935862197;0.72997725285402;0.0;0.0;JaspAronMediumDiscreteDomain_util3.xml;JaspAronMediumDiscreteDomain_util4.xml
;;;0.060;35;;40rounds;Yes;No;2;0.50948;0.68634;0.02216;0.15672;1.19582;TimeDependentAgentBoulware@336;RandomBOAagent@337;0.6863427042297693;0.5094751021506484;0.6863427042297693;0.5094751021506484;0.0;0.0;JaspAronMediumDiscreteDomain_util3.xml;JaspAronMediumDiscreteDomain_util4.xml
;;;0.079;33;;40rounds;Yes;No;2;0.40705;0.79394;0.00994;0.24486;1.20100;RandomBOAagent@338;TimeDependentAgentBoulware@339;0.40705477269367757;0.7939429624417432;0.40705477269367757;0.7939429624417432;0.0;0.0;JaspAronMediumDiscreteDomain_util3.xml;JaspAronMediumDiscreteDomain_util4.xml
;;;0.054;35;;40rounds;Yes;No;2;0.50948;0.68634;0.02216;0.15672;1.19582;TimeDependentAgentBoulware@340;RandomBOAagent@341;0.6863427042297693;0.5094751021506484;0.6863427042297693;0.5094751021506484;0.0;0.0;JaspAronMediumDiscreteDomain_util3.xml;JaspAronMediumDiscreteDomain_util4.xml
;;;0.079;33;;40rounds;Yes;No;2;0.39402;0.80234;0.01304;0.26025;1.19636;RandomBOAagent@342;TimeDependentAgentBoulware@343;0.3940186561478525;0.802343971608792;0.3940186561478525;0.802343971608792;0.0;0.0;JaspAronMediumDiscreteDomain_util3.xml;JaspAronMediumDiscreteDomain_util4.xml
;;;0.045;36;;40rounds;Yes;No;2;0.57857;0.63736;0.00465;0.07203;1.21593;TimeDependentAgentBoulware@344;RandomBOAagent@345;0.6373623103660429;0.5785705773965668;0.6373623103660429;0.5785705773965668;0.0;0.0;JaspAronMediumDiscreteDomain_util3.xml;JaspAronMediumDiscreteDomain_util4.xml
;;;0.049;30;;40rounds;Yes;No;2;0.32867;0.86423;0.01280;0.35011;1.19290;RandomBOAagent@346;TimeDependentAgentBoulware@347;0.3286656152087711;0.8642313301622464;0.3286656152087711;0.8642313301622464;0.0;0.0;JaspAronMediumDiscreteDomain_util3.xml;JaspAronMediumDiscreteDomain_util4.xml
;;;0.095;31;;40rounds;Yes;No;2;0.36097;0.83223;0.01833;0.36387;1.19320;TimeDependentAgentBoulware@348;RandomBOAagent@349;0.8322260351537536;0.3609716973388997;0.8322260351537536;0.3609716973388997;0.0;0.0;JaspAronMediumDiscreteDomain_util3.xml;JaspAronMediumDiscreteDomain_util4.xml
;;;0.060;37;;40rounds;Yes;No;2;0.57875;0.63721;0.00804;0.01590;1.21595;RandomBOAagent@350;TimeDependentAgentBoulware@351;0.5787465489664683;0.6372062762166727;0.5787465489664683;0.6372062762166727;0.0;0.0;JaspAronMediumDiscreteDomain_util3.xml;JaspAronMediumDiscreteDomain_util4.xml
;;;0.054;35;;40rounds;Yes;No;2;0.50948;0.68634;0.02216;0.15672;1.19582;TimeDependentAgentBoulware@352;RandomBOAagent@353;0.6863427042297693;0.5094751021506484;0.6863427042297693;0.5094751021506484;0.0;0.0;JaspAronMediumDiscreteDomain_util3.xml;JaspAronMediumDiscreteDomain_util4.xml
;;;0.098;36;;40rounds;Yes;No;2;0.50974;0.68629;0.01588;0.09839;1.19603;RandomBOAagent@354;TimeDependentAgentBoulware@355;0.5097394843436864;0.6862898867355226;0.5097394843436864;0.6862898867355226;0.0;0.0;JaspAronMediumDiscreteDomain_util3.xml;JaspAronMediumDiscreteDomain_util4.xml
;;;0.043;33;;40rounds;Yes;No;2;0.39313;0.81490;0.00631;0.32829;1.20803;TimeDependentAgentBoulware@356;RandomBOAagent@357;0.8149019284248721;0.39312651694266865;0.8149019284248721;0.39312651694266865;0.0;0.0;JaspAronMediumDiscreteDomain_util3.xml;JaspAronMediumDiscreteDomain_util4.xml
;;;0.057;37;;40rounds;Yes;No;2;0.57875;0.63721;0.00804;0.01590;1.21595;RandomBOAagent@358;TimeDependentAgentBoulware@359;0.5787465489664683;0.6372062762166727;0.5787465489664683;0.6372062762166727;0.0;0.0;JaspAronMediumDiscreteDomain_util3.xml;JaspAronMediumDiscreteDomain_util4.xml
;;;0.053;36;;40rounds;Yes;No;2;0.57857;0.63736;0.00465;0.07203;1.21593;TimeDependentAgentBoulware@360;RandomBOAagent@361;0.6373623103660429;0.5785705773965668;0.6373623103660429;0.5785705773965668;0.0;0.0;JaspAronMediumDiscreteDomain_util3.xml;JaspAronMediumDiscreteDomain_util4.xml
;;;0.060;32;;40rounds;Yes;No;2;0.37464;0.83179;0.00943;0.29413;1.20643;RandomBOAagent@362;TimeDependentAgentBoulware@363;0.3746425498714735;0.8317913062084493;0.3746425498714735;0.8317913062084493;0.0;0.0;JaspAronMediumDiscreteDomain_util3.xml;JaspAronMediumDiscreteDomain_util4.xml
;;;0.064;36;;40rounds;Yes;No;2;0.54137;0.65389;0.02006;0.11213;1.19525;TimeDependentAgentBoulware@364;RandomBOAagent@365;0.6538854050268229;0.5413676262775514;0.6538854050268229;0.5413676262775514;0.0;0.0;JaspAronMediumDiscreteDomain_util3.xml;JaspAronMediumDiscreteDomain_util4.xml
;;;0.095;34;;40rounds;Yes;No;2;0.43871;0.75700;0.01390;0.19702;1.19571;RandomBOAagent@366;TimeDependentAgentBoulware@367;0.43871105982852243;0.7570023067995938;0.43871105982852243;0.7570023067995938;0.0;0.0;JaspAronMediumDiscreteDomain_util3.xml;JaspAronMediumDiscreteDomain_util4.xml
;;;0.051;32;;40rounds;Yes;No;2;0.37000;0.83763;0.01041;0.36069;1.20763;TimeDependentAgentBoulware@368;RandomBOAagent@369;0.8376260981088866;0.37000184047579127;0.8376260981088866;0.37000184047579127;0.0;0.0;JaspAronMediumDiscreteDomain_util3.xml;JaspAronMediumDiscreteDomain_util4.xml
;;;0.062;35;;40rounds;Yes;No;2;0.48879;0.72998;0.00000;0.14117;1.21877;RandomBOAagent@370;TimeDependentAgentBoulware@371;0.4887919935862197;0.72997725285402;0.4887919935862197;0.72997725285402;0.0;0.0;JaspAronMediumDiscreteDomain_util3.xml;JaspAronMediumDiscreteDomain_util4.xml
;;;0.052;31;;40rounds;Yes;No;2;0.36097;0.83223;0.01833;0.36387;1.19320;TimeDependentAgentBoulware@372;RandomBOAagent@373;0.8322260351537536;0.3609716973388997;0.8322260351537536;0.3609716973388997;0.0;0.0;JaspAronMediumDiscreteDomain_util3.xml;JaspAronMediumDiscreteDomain_util4.xml
;;;0.059;35;;40rounds;Yes;No;2;0.48879;0.72998;0.00000;0.14117;1.21877;RandomBOAagent@374;TimeDependentAgentBoulware@375;0.4887919935862197;0.72997725285402;0.4887919935862197;0.72997725285402;0.0;0.0;JaspAronMediumDiscreteDomain_util3.xml;JaspAronMediumDiscreteDomain_util4.xml
;;;0.049;36;;40rounds;Yes;No;2;0.55338;0.64215;0.02099;0.09579;1.19553;TimeDependentAgentBoulware@376;RandomBOAagent@377;0.6421453523411359;0.5533838085732684;0.6421453523411359;0.5533838085732684;0.0;0.0;JaspAronMediumDiscreteDomain_util3.xml;JaspAronMediumDiscreteDomain_util4.xml
;;;0.042;28;;40rounds;Yes;No;2;0.31545;0.90180;0.00000;0.38510;1.21725;RandomBOAagent@378;TimeDependentAgentBoulware@379;0.31544550757488443;0.9018011197742388;0.31544550757488443;0.9018011197742388;0.0;0.0;JaspAronMediumDiscreteDomain_util3.xml;JaspAronMediumDiscreteDomain_util4.xml
;;;0.051;33;;40rounds;Yes;No;2;0.43694;0.76834;0.01036;0.26462;1.20528;TimeDependentAgentBoulware@380;RandomBOAagent@381;0.7683437128651551;0.4369406556421495;0.7683437128651551;0.4369406556421495;0.0;0.0;JaspAronMediumDiscreteDomain_util3.xml;JaspAronMediumDiscreteDomain_util4.xml
;;;0.094;32;;40rounds;Yes;No;2;0.37550;0.81166;0.02104;0.28050;1.18715;RandomBOAagent@382;TimeDependentAgentBoulware@383;0.3754962475419164;0.8116559939980545;0.3754962475419164;0.8116559939980545;0.0;0.0;JaspAronMediumDiscreteDomain_util3.xml;JaspAronMediumDiscreteDomain_util4.xml
;;;0.050;34;;40rounds;Yes;No;2;0.45049;0.75374;0.01184;0.24482;1.20423;TimeDependentAgentBoulware@384;RandomBOAagent@385;0.7537391156857635;0.4504876891452412;0.7537391156857635;0.4504876891452412;0.0;0.0;JaspAronMediumDiscreteDomain_util3.xml;JaspAronMediumDiscreteDomain_util4.xml
;;;0.053;33;;40rounds;Yes;No;2;0.40080;0.80505;0.00608;0.25683;1.20585;RandomBOAagent@386;TimeDependentAgentBoulware@387;0.4008010120681016;0.8050481315152463;0.4008010120681016;0.8050481315152463;0.0;0.0;JaspAronMediumDiscreteDomain_util3.xml;JaspAronMediumDiscreteDomain_util4.xml
;;;0.069;36;;40rounds;Yes;No;2;0.57857;0.63736;0.00465;0.07203;1.21593;TimeDependentAgentBoulware@388;RandomBOAagent@389;0.6373623103660429;0.5785705773965668;0.6373623103660429;0.5785705773965668;0.0;0.0;JaspAronMediumDiscreteDomain_util3.xml;JaspAronMediumDiscreteDomain_util4.xml
;;;0.057;35;;40rounds;Yes;No;2;0.48879;0.72998;0.00000;0.14117;1.21877;RandomBOAagent@390;TimeDependentAgentBoulware@391;0.4887919935862197;0.72997725285402;0.4887919935862197;0.72997725285402;0.0;0.0;JaspAronMediumDiscreteDomain_util3.xml;JaspAronMediumDiscreteDomain_util4.xml
;;;0.034;35;;40rounds;Yes;No;2;0.50948;0.68634;0.02216;0.15672;1.19582;TimeDependentAgentBoulware@392;RandomBOAagent@393;0.6863427042297693;0.5094751021506484;0.6863427042297693;0.5094751021506484;0.0;0.0;JaspAronMediumDiscreteDomain_util3.xml;JaspAronMediumDiscreteDomain_util4.xml
;;;0.049;35;;40rounds;Yes;No;2;0.48879;0.72998;0.00000;0.14117;1.21877;RandomBOAagent@394;TimeDependentAgentBoulware@395;0.4887919935862197;0.72997725285402;0.4887919935862197;0.72997725285402;0.0;0.0;JaspAronMediumDiscreteDomain_util3.xml;JaspAronMediumDiscreteDomain_util4.xml
;;;0.046;32;;40rounds;Yes;No;2;0.38996;0.80246;0.01639;0.32249;1.19242;TimeDependentAgentBoulware@396;RandomBOAagent@397;0.8024557218066461;0.38996095082009824;0.8024557218066461;0.38996095082009824;0.0;0.0;JaspAronMediumDiscreteDomain_util3.xml;JaspAronMediumDiscreteDomain_util4.xml
;;;0.034;33;;40rounds;Yes;No;2;0.39402;0.80234;0.01304;0.26025;1.19636;RandomBOAagent@398;TimeDependentAgentBoulware@399;0.3940186561478525;0.802343971608792;0.3940186561478525;0.802343971608792;0.0;0.0;JaspAronMediumDiscreteDomain_util3.xml;JaspAronMediumDiscreteDomain_util4.xml
